<?xml version="1.0" encoding="UTF-8"?>
<images>
    <image>
        <src>https://images.pexels.com/photos/906100/pexels-photo-906100.jpeg?auto=compress</src>
        <orientation>L</orientation>
        <focus>ML</focus>
    </image>
    <image>
        <src>https://images.pexels.com/photos/1125774/pexels-photo-1125774.jpeg?auto=compress</src>
        <orientation>L</orientation>
        <focus>ML</focus>
    </image>
    <image>
        <src>https://images.pexels.com/photos/906106/pexels-photo-906106.jpeg?auto=compress</src>
        <orientation>L</orientation>
        <focus>MC</focus>
    </image>
    <image>
        <src>https://images.pexels.com/photos/461198/pexels-photo-461198.jpeg?auto=compress</src>
        <orientation>L</orientation>
        <focus>MC</focus>
    </image>
    <image>
        <src>https://images.pexels.com/photos/8313/food-eating-potatoes-beer-8313.jpg?auto=compress</src>
        <orientation>L</orientation>
        <focus>MR</focus>
    </image>
    <image>
        <src>https://images.pexels.com/photos/132694/pexels-photo-132694.jpeg?auto=compress</src>
        <orientation>L</orientation>
        <focus>MR</focus>
    </image>
    <image>
        <src>https://images.pexels.com/photos/262959/pexels-photo-262959.jpeg?auto=compress</src>
        <orientation>L</orientation>
        <focus>MC</focus>
    </image>
    <image>
        <src>https://images.pexels.com/photos/255501/pexels-photo-255501.jpeg?auto=compress</src>
        <orientation>P</orientation>
        <focus>MC</focus>
    </image>
     <image>
        <src>https://images.pexels.com/photos/239581/pexels-photo-239581.jpeg?auto=compress</src>
        <orientation>L</orientation>
        <focus>ML</focus>
    </image>
    <image>
        <src>https://images.pexels.com/photos/120049/pexels-photo-120049.jpeg?auto=compress</src>
        <orientation>L</orientation>
        <focus>MC</focus>
    </image>
    <image>
        <src>https://images.pexels.com/photos/457701/pexels-photo-457701.jpeg?auto=compress</src>
        <orientation>L</orientation>
        <focus>MC</focus>
    </image>
    <image>
        <src>https://images.pexels.com/photos/413727/pexels-photo-413727.jpeg?auto=compress</src>
        <orientation>L</orientation>
        <focus>MC</focus>
    </image>
     <image>
        <src>https://images.pexels.com/photos/17737/pexels-photo.jpg?auto=compress</src>
        <orientation>L</orientation>
        <focus>TR</focus>
    </image>
    <image>
        <src>https://images.pexels.com/photos/36483/aroni-arsa-children-little.jpg?auto=compress</src>
        <orientation>P</orientation>
        <focus>MC</focus>
    </image>
    <image>
        <src>https://images.pexels.com/photos/356192/pexels-photo-356192.jpeg?auto=compress</src>
        <orientation>P</orientation>
        <focus>TC</focus>
    </image>
    <image>
        <src>https://images.pexels.com/photos/406014/pexels-photo-406014.jpeg?auto=compress</src>
        <orientation>L</orientation>
        <focus>BC</focus>
    </image>
     <image>
        <src>https://images.pexels.com/photos/57627/pexels-photo-57627.jpeg?auto=compress</src>
        <orientation>L</orientation>
        <focus>MC</focus>
    </image>
    <image>
        <src>https://images.pexels.com/photos/39317/chihuahua-dog-puppy-cute-39317.jpeg?auto=compress</src>
        <orientation>L</orientation>
        <focus>MC</focus>
    </image>
    <image>
        <src>https://images.pexels.com/photos/177809/pexels-photo-177809.jpeg?auto=compress</src>
        <orientation>L</orientation>
        <focus>MR</focus>
    </image>
    <image>
        <src>https://images.pexels.com/photos/730896/pexels-photo-730896.jpeg?auto=compress</src>
        <orientation>L</orientation>
        <focus>MC</focus>
    </image>
</images>